{
  "firstNameEmpty": {
    "errorCode": "E00101",
    "errorMessage": "First Name cannot be empty"
  },
  "firstNameInvalid": {
    "errorCode": "E00101",
    "errorMessage": "First Name is not valid"
  },
  "lastNameEmpty": {
    "errorCode": "E00101",
    "errorMessage": "Last Name cannot be empty"
  },
  "lastNameInvalid": {
    "errorCode": "E00101",
    "errorMessage": "Last Name is not valid"
  },
  "middleNameInvalid": {
    "errorCode": "E00101",
    "errorMessage": "Middle Name is not valid"
  },
  "suffixInvalid": {
    "errorCode": "E00101",
    "errorMessage": "Suffix is not valid"
  },
  "dateOfBirthEmpty": {
    "errorCode": "E00101",
    "errorMessage": "Date Of Birth cannot be empty"
  },
  "dateOfBirthInvalid": {
    "errorCode": "E00101",
    "errorMessage": "Date Of Birth is not valid"
  },
  "ageInvalid": {
    "errorCode": "E00101",
    "errorMessage": "Age must be over 18 years"
  },
  "ssnEmpty": {
    "errorCode": "E00101",
    "errorMessage": "SSN cannot be empty"
  },
  "ssnInvalid": {
    "errorCode": "E00101",
    "errorMessage": "SSN is not valid"
  },
  "emailEmpty": {
    "errorCode": "E00101",
    "errorMessage": "Email cannot be empty"
  },
  "emailInvalid": {
    "errorCode": "E00101",
    "errorMessage": "Email is not valid"
  },
  "addressTypeEmpty": {
    "errorCode": "E00101",
    "errorMessage": "Address Type cannot be empty"
  },
  "addressTypeInvalid": {
    "errorCode": "E00101",
    "errorMessage": "Identity proofing process requires U.S. home address, contact your application helpdesk to complete the identity proofing process"
  },
  "addressLine1Empty": {
    "errorCode": "E00101",
    "errorMessage": "Address Line1 cannot be empty"
  },
  "addressLine1Invalid": {
    "errorCode": "E00101",
    "errorMessage": "Address Line1 is not valid"
  },
  "addressLine2Invalid": {
    "errorCode": "E00101",
    "errorMessage": "Address Line2 is not valid"
  },
  "cityEmpty": {
    "errorCode": "E00101",
    "errorMessage": "City cannot be empty"
  },
  "cityInvalid": {
    "errorCode": "E00101",
    "errorMessage": "City is not valid"
  },
  "stateEmpty": {
    "errorCode": "E00101",
    "errorMessage": "State cannot be empty"
  },
  "stateInvalid": {
    "errorCode": "E00101",
    "errorMessage": "State is not valid"
  },
  "zipcodeEmpty": {
    "errorCode": "E00101",
    "errorMessage": "Zipcode cannot be empty"
  },
  "zipcodeInvalid": {
    "errorCode": "E00101",
    "errorMessage": "Zipcode is not valid"
  },
  "zipcodeExtnInvalid": {
    "errorCode": "E00101",
    "errorMessage": "Zipcode Extension is not valid"
  },
  "countryEmpty": {
    "errorCode": "E00101",
    "errorMessage": "Country cannot be empty"
  },
  "countryInvalid": {
    "errorCode": "E00101",
    "errorMessage": "Country is not valid"
  },
  "countryCodeInvalid": {
    "errorCode": "E00101",
    "errorMessage": "Country Code is not valid"
  },
  "phoneEmpty": {
    "errorCode": "E00101",
    "errorMessage": "Phone cannot be empty"
  },
  "phoneInvalid": {
    "errorCode": "E00101",
    "errorMessage": "Phone is not valid"
  },
  "requestTypeEmpty": {
    "errorCode": "E00101",
    "errorMessage": "Request Type cannot be empty"
  },
  "requestTypeInvalid": {
    "errorCode": "E00101",
    "errorMessage": "Request Type is not valid"
  },
  "tryCountInvalid": {
    "errorCode": "E00101",
    "errorMessage": "Try count is not valid"
  },
  "unexpectedError": {
    "errorCode": "E00104",
    "errorMessage": "An unexpected system error has occurred while verifying your information. Please try again after some time."
  },
  "generalError": {
    "errorCode": "E00105",
    "errorMessage": "An unexpected system error has occurred while processing your request. Please try again after some time."
  },
  "jwtTokenValidationFailure": {
    "errorCode": "E00107",
    "errorMessage": "Input token validation failure"
  },
  "kiqAnswersValidationFailure": {
    "errorCode": "E00108",
    "errorMessage": "Provided answers did not pass validations."
  },
  "fars9001Error": {
    "errorCode": "E00109",
    "errorMessage": "The information you provided cannot be validated. You cannot continue registration and will have to call Experian Verification Supporting Services &lt;Experian Verification Support Services Number&gt; and provide the Review Reference Number &lt;Review Reference Number&gt; to verify your identity."
  },
  "farsNotAccError": {
    "errorCode": "E00110",
    "errorMessage": "The information you provided cannot be validated. To resolve this, you must contact the Experian Verification Support Services and provide the Review Reference Number &lt;Review Reference Number&gt;."
  },
  "farsUserNotFound": {
    "errorCode": "E00111",
    "errorMessage": "The information you provided to Experian does not match the information that you provided here. Please review and correct your information."
  },
  "farsUserDataIncomplete": {
    "errorCode": "E00112",
    "errorMessage": "Data received from FARS is incomplete - call the Experian Help Desk."
  },
  "farsUserDataMismatch": {
    "errorCode": "E00113",
    "errorMessage": "The User data does not match the data from Experian."
  },
  "ridpConsumerMinor": {
    "errorCode": "E00114",
    "errorMessage": "We were unable to verify the information that you have provided. Please contact your Application Helpdesk and provide the Response Code E150. Please follow the instructions from your Application Helpdesk. Once your issue has been resolved, you can log in to the CMS Portal to request access to your application."
  },
  "ridpFraudReport": {
    "errorCode": "E00115",
    "errorMessage": "We were unable to verify the information that you have provided. Please contact your Application Helpdesk and provide the Response Code E151. Please follow the instructions from your Application Helpdesk. Once your issue has been resolved, you can log in to the CMS Portal to request access to your application."
  },
  "ridpSSNRequiredFirstError": {
    "errorCode": "E00116",
    "errorMessage": "We were not able to verify your identity based on the information you have provided. Your chances of getting verified may increase if you provide your SSN. Please try again."
  },
  "ridpSSNRequiredSecondError": {
    "errorCode": "E00117",
    "errorMessage": "We were unable to verify the information that you have provided. Please contact your Application Helpdesk and provide the Response Code E152. Please follow instructions from your Application Helpdesk. Once your issue has been resolved, you can log in to the CMS Portal to request access to your application."
  },
  "ridpStandardizeAddressFirstError": {
    "errorCode": "E00118",
    "errorMessage": "Our source records indicate the address provided could not be processed as a valid residential address. Please provide your current home address and try again."
  },
  "ridpStandardizeAddressSecondError": {
    "errorCode": "E00119",
    "errorMessage": "We were unable to verify the information that you have provided. Please contact your Application Helpdesk and provide the Response Code E153. Please follow instructions from your Application Helpdesk and once your issue has been resolved, you can log in to the CMS Portal to request access to your application."
  },
  "ridpFrozenCreditCard": {
    "errorCode": "E00120",
    "errorMessage": "We were unable to verify the information that you have provided. Please contact Experian Verification Support Services at 1-866-578-5409 and provide the Review Reference Number  - #{reviewRefNum}. To request access to an application please log into the CMS Portal after getting with the Experian Support Services."
  },
  "ridpLastNameError": {
    "errorCode": "E00121",
    "errorMessage": "We were unable to verify the information that you have provided. Please contact your Application Helpdesk and provide the Response Code E155. Please follow instructions from your Application Helpdesk. Once your issue has been resolved, you can log in to the CMS Portal to request access to your application."
  },
  "ridpMaxAddressFirstError": {
    "errorCode": "E00122",
    "errorMessage": "Our Identity Verification source indicates that the address provided exceeds the maximum address length limit. Please verify your address and try again."
  },
  "ridpDeceasedUserError": {
    "errorCode": "E00123",
    "errorMessage": "We were unable to verify the information that you have provided. Please contact your Application Helpdesk and provide the Response Code E157. Please follow instructions from your Application Helpdesk. Once your issue has been resolved, you can log in to the CMS Portal to request access to your application."
  },
  "ridpDataValidationFirstError": {
    "errorCode": "E00124",
    "errorMessage": "We were unable to verify the information that you have provided. Please check the information you provided and try again."
  },
  "ridpDataValidationSecondError": {
    "errorCode": "E00125",
    "errorMessage": "We were unable to verify the information that you have provided. Please contact your Application Helpdesk and provide the Response Code E158. Please follow instructions from your Application Helpdesk. Once your issue has been resolved, you can log in to the CMS Portal to request access to your application."
  },
  "ridpSessionTimeoutFirstError": {
    "errorCode": "E00126",
    "errorMessage": "There is a time limit of 10 minutes to complete your response to the Identity verification questions. Please try again and complete your response within the time limit."
  },
  "ridpSessionTimeoutSecondError": {
    "errorCode": "E00127",
    "errorMessage": "We were unable to verify the information that you have provided. Please contact your Application Helpdesk and provide the Response Code E159. Please follow instructions from your Application Helpdesk. Once your issue has been resolved, you can log in to the CMS Portal to request access to your application."
  },
  "ridpPreciseIDFirstError": {
    "errorCode": "E00129",
    "errorMessage": "Our source records indicate the address provided could not be processed as a recent residential address. Please retry with your old residential address."
  },
  "ridpPreciseIDSecondError": {
    "errorCode": "E00130",
    "errorMessage": "We were unable to verify the information that you have provided. Please contact your Application Helpdesk and provide the Response Code E161. Please follow instructions from your Application Helpdesk. Once your issue has been resolved, you can log in to the CMS Portal to request access to your application."
  },
  "ridpAllowedAttempts": {
    "errorCode": "E00131",
    "errorMessage": "Your Identity Verification session has ended, due to several failed attempts. Before trying to verify your identity online, you will need to have your personal and financial information available, as you will be required to provide information contained on your credit report, such as a monthly mortgage payment. If you think you have entered the correct information, please contact the Experian Verification Support Services at 1-866-578-5409  and provide the Review Reference Number #{reviewRefNum}. Please have your personal and financial information available to verify your Identity."
  },
  "ridpFirstError": {
    "errorCode": "E00132",
    "errorMessage": "We were unable to verify the information you provided. Check the information you have entered and try again."
  },
  "ridpSecondError": {
    "errorCode": "E00133",
    "errorMessage": "We were unable to verify the information you provided. Check your personal information before trying again to register with this system. If you think you have entered the correct information, please contact the Experian Verification Support Services at 1-866-578-5409 and provide the Review Reference Number - #{reviewRefNum}. You can continue setting up your account by selecting OK but you will have limited access."
  },
  "ridpMaxAddressSecondError": {
    "errorCode": "E00134",
    "errorMessage": "We were unable to verify the information that you have provided. Please contact your Application Helpdesk and provide the Response Code E156. Please follow instructions from your Application Helpdesk. Once your issue has been resolved, you can log in to the CMS Portal to request access to your application."
  },
  "ridpThirdError": {
    "errorCode": "E00135",
    "errorMessage": "We were unable to verify the information you provided. Check your personal information before trying again to register with this system. If you think you have entered the correct information, please contact the Experian Verification Support Services at 1-866-578-5409 and provide the Review Reference Number - #{reviewRefNum}"
  },
  "comboUniquessCheck": {
    "errorCode": "E00136",
    "errorMessage": "Another user with the same last name, first name and email combination exists in the system."
  },
  "ssnUniquessCheck": {
    "errorCode": "E00136",
    "errorMessage": "Another user with the same social security number exists in the system."
  },
  "ridpNotRequired": {
    "errorCode": "E00137",
    "errorMessage": "User is already identity proofed at the required proofing level."
  },
  "invalidReviewReferenceNumber": {
    "errorCode": "E00138",
    "errorMessage": "Invalid reference number detected. Cannot continue with phone proofing status check process."
  },
  "missingAPIKey": {
    "errorCode": "401",
    "errorMessage": "Authorization is denied because api is missing or is invalid."
  },
  "missingUserID": {
    "errorCode": "401",
    "errorMessage": "Authenticated user ID is missing."
  },
  "accessTokenValidationFailed": {
    "errorCode": "401",
    "errorMessage": "Authorization is denied because user access token validation failed."
  }
}